{
    "for": "Card Match",
    "Mod_Name": "扑克",
    "Author": "Someones",
    "UUID": "c3a71552-21ec-4b38-ab1f-fdd4f8875144",
    "Version": 1.0,
    "FrontImageName": "front.jpg",
    "BackImageName": [
        "poker1.jpg",
        "poker2.jpg",
        "poker3.jpg",
        "poker4.jpg",
        "poker5.jpg",
        "poker6.jpg",
        "poker7.jpg",
        "poker8.jpg",
        "poker9.jpg",
        "poker10.jpg",
        "poker11.jpg",
        "poker12.jpg"
    ]
}