{
    "for": "Card Match",
    "Mod_Name": "24节气",
    "Author": "Someones",
    "UUID": "0a6a0787-538f-4399-b5be-b5fc643e50a4",
    "Version": 1.0,
    "FrontImageName": "front.jpg",
    "BackImageName": [
        "1.jpg",
        "2.jpg",
        "3.jpg",
        "4.jpg",
        "5.jpg",
        "6.jpg",
        "7.jpg",
        "8.jpg",
        "9.jpg",
        "10.jpg",
        "11.jpg",
        "12.jpg",
        "13.jpg",
        "14.jpg",
        "15.jpg",
        "16.jpg",
        "17.jpg",
        "18.jpg",
        "19.jpg",
        "20.jpg",
        "21.jpg",
        "22.jpg",
        "23.jpg",
        "24.jpg"
    ]
}